{"cameraMode":{"drawMode":0,"name":"Shaded","section":"Shading Mode"},"sceneLighting":false,"audioPlay":false,"sceneViewState":{"showFog":true,"showMaterialUpdate":true,"showSkybox":false,"showFlares":true,"showImageEffects":true,"showParticleSystems":true},"in2DMode":false,"pivot":{"x":-0.0010199546813964844,"y":1.4793592691421509,"z":0.0033600330352783205},"rotation":{"x":-0.5037530064582825,"y":-0.08860397338867188,"z":0.05196775868535042,"w":-0.8577878475189209},"size":7.008350372314453,"orthographic":false}