{"cameraMode":{"drawMode":0,"name":"Shaded","section":"Shading Mode"},"sceneLighting":true,"audioPlay":false,"sceneViewState":{"showFog":true,"showMaterialUpdate":true,"showSkybox":true,"showFlares":true,"showImageEffects":true,"showParticleSystems":true},"in2DMode":false,"pivot":{"x":-33.06024169921875,"y":-21.629867553710939,"z":0.49864959716796877},"rotation":{"x":0.5036972761154175,"y":0.06466185301542282,"z":-0.037863608449697497,"w":0.8606640100479126},"size":64.30037689208985,"orthographic":false}