{"cameraMode":{"drawMode":0,"name":"Shaded","section":"Shading Mode"},"sceneLighting":false,"audioPlay":false,"sceneViewState":{"showFog":true,"showMaterialUpdate":false,"showSkybox":false,"showFlares":true,"showImageEffects":true,"showParticleSystems":true},"in2DMode":false,"pivot":{"x":-7.400000095367432,"y":2.0399999618530275,"z":-37.720001220703128},"rotation":{"x":0.40146178007125857,"y":-0.5416308641433716,"z":0.3278079330921173,"w":0.6619358062744141},"size":1.2247449159622193,"orthographic":false}