{"cameraMode":{"drawMode":0,"name":"Shaded","section":"Shading Mode"},"sceneLighting":true,"audioPlay":false,"sceneViewState":{"showFog":true,"showMaterialUpdate":false,"showSkybox":true,"showFlares":true,"showImageEffects":true,"showParticleSystems":true},"in2DMode":false,"pivot":{"x":102.83259582519531,"y":28.174358367919923,"z":2.8217391967773439},"rotation":{"x":0.4789878726005554,"y":0.0013171038590371609,"z":-0.0007164764683693647,"w":0.8778238892555237},"size":74.56171417236328,"orthographic":false}