{"cameraMode":{"drawMode":0,"name":"Shaded","section":"Shading Mode"},"sceneLighting":true,"audioPlay":false,"sceneViewState":{"showFog":true,"showMaterialUpdate":false,"showSkybox":true,"showFlares":true,"showImageEffects":true,"showParticleSystems":true},"in2DMode":false,"pivot":{"x":97.65386962890625,"y":169.18466186523438,"z":-75.75360107421875},"rotation":{"x":0.28246498107910159,"y":-0.25333940982818606,"z":0.07771927863359451,"w":0.9220026135444641},"size":119.8759765625,"orthographic":false}