{"cameraMode":{"drawMode":0,"name":"Shaded","section":"Shading Mode"},"sceneLighting":true,"audioPlay":false,"sceneViewState":{"showFog":true,"showMaterialUpdate":true,"showSkybox":true,"showFlares":true,"showImageEffects":true,"showParticleSystems":true},"in2DMode":false,"pivot":{"x":-21.61861801147461,"y":10.442464828491211,"z":-10.795964241027832},"rotation":{"x":-0.2830323278903961,"y":0.6874117851257324,"z":-0.33740338683128359,"w":-0.5776487588882446},"size":21.08909034729004,"orthographic":false}