{"cameraMode":{"drawMode":0,"name":"Shaded","section":"Shading Mode"},"sceneLighting":true,"audioPlay":false,"sceneViewState":{"showFog":true,"showMaterialUpdate":true,"showSkybox":true,"showFlares":true,"showImageEffects":true,"showParticleSystems":true},"in2DMode":false,"pivot":{"x":-20.755495071411134,"y":-2.6138362884521486,"z":-12.893745422363282},"rotation":{"x":0.4714251756668091,"y":0.12617523968219758,"z":-0.06836231052875519,"w":0.8701668381690979},"size":23.50436782836914,"orthographic":false}