{"cameraMode":{"drawMode":0,"name":"Shaded","section":"Shading Mode"},"sceneLighting":true,"audioPlay":false,"sceneViewState":{"showFog":true,"showMaterialUpdate":false,"showSkybox":true,"showFlares":true,"showImageEffects":true,"showParticleSystems":true},"in2DMode":false,"pivot":{"x":435.3825378417969,"y":247.2816162109375,"z":-13.652099609375},"rotation":{"x":0.13525640964508058,"y":0.18895317614078523,"z":-0.026776079088449479,"w":0.9723461866378784},"size":1525.173583984375,"orthographic":false}