{"cameraMode":{"drawMode":0,"name":"Shaded","section":"Shading Mode"},"sceneLighting":true,"audioPlay":false,"sceneViewState":{"showFog":true,"showMaterialUpdate":false,"showSkybox":false,"showFlares":true,"showImageEffects":true,"showParticleSystems":true},"in2DMode":false,"pivot":{"x":-0.34029340744018557,"y":1.9812772274017335,"z":1.6581292152404786},"rotation":{"x":-0.04849427193403244,"y":0.3995545506477356,"z":-0.02085421234369278,"w":-0.9152659773826599},"size":3.861894369125366,"orthographic":false}