{"cameraMode":{"drawMode":0,"name":"Shaded","section":"Shading Mode"},"sceneLighting":true,"audioPlay":false,"sceneViewState":{"showFog":true,"showMaterialUpdate":false,"showSkybox":true,"showFlares":true,"showImageEffects":true,"showParticleSystems":true},"in2DMode":false,"pivot":{"x":369.58740234375,"y":227.96755981445313,"z":-160.08956909179688},"rotation":{"x":0.11510227620601654,"y":-0.049150142818689349,"z":0.0057022301480174068,"w":0.9921210408210754},"size":157.55599975585938,"orthographic":false}