{"cameraMode":{"drawMode":0,"name":"Shaded","section":"Shading Mode"},"sceneLighting":false,"audioPlay":false,"sceneViewState":{"showFog":true,"showMaterialUpdate":true,"showSkybox":false,"showFlares":true,"showImageEffects":true,"showParticleSystems":true},"in2DMode":false,"pivot":{"x":0.28588199615478518,"y":-0.29970550537109377,"z":-0.6082000732421875},"rotation":{"x":-0.4671957194805145,"y":-0.18376916646957398,"z":0.0996396541595459,"w":-0.8591675162315369},"size":10.0,"orthographic":false}