{"cameraMode":{"drawMode":0,"name":"Shaded","section":"Shading Mode"},"sceneLighting":true,"audioPlay":false,"sceneViewState":{"showFog":true,"showMaterialUpdate":false,"showSkybox":true,"showFlares":true,"showImageEffects":true,"showParticleSystems":true},"in2DMode":false,"pivot":{"x":-4.491985321044922,"y":7.718639373779297,"z":-12.668129920959473},"rotation":{"x":-0.33787432312965395,"y":-0.5310605764389038,"z":0.24311314523220063,"w":-0.7380648255348206},"size":33.79810333251953,"orthographic":false}