{"cameraMode":{"drawMode":0,"name":"Shaded","section":"Shading Mode"},"sceneLighting":true,"audioPlay":false,"sceneViewState":{"showFog":true,"showMaterialUpdate":false,"showSkybox":true,"showFlares":true,"showImageEffects":true,"showParticleSystems":true},"in2DMode":false,"pivot":{"x":-21.828208923339845,"y":1.9632768630981446,"z":-10.481880187988282},"rotation":{"x":0.2520989775657654,"y":-0.05953579023480415,"z":0.015272879041731358,"w":0.965819776058197},"size":15.667431831359864,"orthographic":false}