{"cameraMode":{"drawMode":0,"name":"Shaded","section":"Shading Mode"},"sceneLighting":true,"audioPlay":false,"sceneViewState":{"showFog":true,"showMaterialUpdate":false,"showSkybox":true,"showFlares":true,"showImageEffects":true,"showParticleSystems":true},"in2DMode":false,"pivot":{"x":-32.48005294799805,"y":1.5396575927734376,"z":10.38296127319336},"rotation":{"x":0.4949316084384918,"y":-0.017203669995069505,"z":0.009197358042001725,"w":0.8688037991523743},"size":53.43815612792969,"orthographic":false}