{"cameraMode":{"drawMode":0,"name":"Shaded","section":"Shading Mode"},"sceneLighting":true,"audioPlay":false,"sceneViewState":{"showFog":true,"showMaterialUpdate":true,"showSkybox":true,"showFlares":true,"showImageEffects":true,"showParticleSystems":true},"in2DMode":false,"pivot":{"x":-31.758207321166993,"y":-0.609870970249176,"z":-17.189128875732423},"rotation":{"x":0.28457334637641909,"y":-0.07611280679702759,"z":0.022672509774565698,"w":0.9553678631782532},"size":34.74507141113281,"orthographic":false}