{"cameraMode":{"drawMode":0,"name":"Shaded","section":"Shading Mode"},"sceneLighting":true,"audioPlay":false,"sceneViewState":{"showFog":true,"showMaterialUpdate":false,"showSkybox":true,"showFlares":true,"showImageEffects":true,"showParticleSystems":true},"in2DMode":false,"pivot":{"x":-63.666629791259769,"y":-20.919673919677736,"z":4.169430732727051},"rotation":{"x":0.38515505194664,"y":-0.5961575508117676,"z":0.39086467027664187,"w":0.5862023234367371},"size":45.074283599853519,"orthographic":false}