{"cameraMode":{"drawMode":0,"name":"Shaded","section":"Shading Mode"},"sceneLighting":false,"audioPlay":false,"sceneViewState":{"showFog":true,"showMaterialUpdate":false,"showSkybox":false,"showFlares":true,"showImageEffects":true,"showParticleSystems":true},"in2DMode":false,"pivot":{"x":0.7566796541213989,"y":-0.8191208243370056,"z":0.7132141590118408},"rotation":{"x":0.3415769636631012,"y":0.32057902216911318,"z":-0.12516997754573823,"w":0.874644935131073},"size":1.7999825477600098,"orthographic":false}