{"cameraMode":{"drawMode":0,"name":"Shaded","section":"Shading Mode"},"sceneLighting":false,"audioPlay":false,"sceneViewState":{"showFog":true,"showMaterialUpdate":false,"showSkybox":false,"showFlares":true,"showImageEffects":true,"showParticleSystems":true},"in2DMode":false,"pivot":{"x":-8.524930953979493,"y":1.6236534118652344,"z":-41.27171325683594},"rotation":{"x":0.28589755296707156,"y":-0.7140988111495972,"z":0.4501954913139343,"w":0.4534910321235657},"size":6.862871170043945,"orthographic":false}