{"cameraMode":{"drawMode":0,"name":"Shaded","section":"Shading Mode"},"sceneLighting":true,"audioPlay":false,"sceneViewState":{"showFog":true,"showMaterialUpdate":true,"showSkybox":true,"showFlares":true,"showImageEffects":true,"showParticleSystems":true},"in2DMode":false,"pivot":{"x":301.2627258300781,"y":196.07203674316407,"z":28.26312255859375},"rotation":{"x":0.20393434166908265,"y":0.03522508963942528,"z":-0.007342174183577299,"w":0.9783763289451599},"size":206.2246551513672,"orthographic":false}