{"cameraMode":{"drawMode":0,"name":"Shaded","section":"Shading Mode"},"sceneLighting":false,"audioPlay":false,"sceneViewState":{"showFog":true,"showMaterialUpdate":false,"showSkybox":false,"showFlares":true,"showImageEffects":true,"showParticleSystems":true},"in2DMode":false,"pivot":{"x":3.3659181594848635,"y":-2.6029438972473146,"z":-0.8889122009277344},"rotation":{"x":-0.17847493290901185,"y":-0.23306535184383393,"z":0.043801214545965198,"w":-0.9550146460533142},"size":7.102941513061523,"orthographic":false}