{"cameraMode":{"drawMode":0,"name":"Shaded","section":"Shading Mode"},"sceneLighting":true,"audioPlay":false,"sceneViewState":{"showFog":true,"showMaterialUpdate":false,"showSkybox":true,"showFlares":true,"showImageEffects":true,"showParticleSystems":true},"in2DMode":false,"pivot":{"x":127.4565200805664,"y":103.92820739746094,"z":-127.01546478271485},"rotation":{"x":-0.1152273416519165,"y":-0.07534021884202957,"z":0.00871175155043602,"w":-0.9904948472976685},"size":0.9690906405448914,"orthographic":false}